{
  "static": {
    "mean": 6.3376,
    "std": 3.920083482104261,
    "median": 6.296,
    "max": 11.782,
    "min": -0.19000000000000009,
    "trials": [
      2.8860000000000006,
      11.620000000000001,
      -0.19000000000000009,
      6.296,
      11.71,
      1.8439999999999999,
      6.845999999999999,
      4.492,
      1.1699999999999995,
      8.094,
      3.686000000000001,
      11.62,
      7.256,
      11.782,
      5.952
    ],
    "mwu": {
      "vs_dynamic": {
        "U": 66.5,
        "p": 0.05909820641903671
      }
    }
  },
  "dynamic": {
    "mean": 9.692,
    "std": 2.8144203902994547,
    "median": 11.276,
    "max": 11.925999999999998,
    "min": 1.9440000000000002,
    "trials": [
      11.404,
      10.872,
      9.714,
      11.276,
      11.35,
      5.1,
      9.924000000000001,
      6.981999999999999,
      11.638000000000002,
      8.538,
      11.634000000000002,
      11.62,
      1.9440000000000002,
      11.458000000000002,
      11.925999999999998
    ],
    "mwu": {
      "vs_static": {
        "U": 158.5,
        "p": 0.05909820641903671
      }
    }
  }
}