{
  "static": {
    "mean": 10.484666666666667,
    "std": 1.4555423578706166,
    "median": 11.404,
    "max": 11.620000000000001,
    "min": 8.430000000000001,
    "trials": [
      11.404,
      11.620000000000001,
      8.430000000000001
    ],
    "mwu": {
      "vs_dynamic": {
        "U": 2.5,
        "p": 0.5065551690490403
      }
    }
  },
  "dynamic": {
    "mean": 11.528666666666668,
    "std": 0.06773149603807309,
    "median": 11.508000000000001,
    "max": 11.620000000000001,
    "min": 11.458000000000002,
    "trials": [
      11.458000000000002,
      11.620000000000001,
      11.508000000000001
    ],
    "mwu": {
      "vs_static": {
        "U": 6.5,
        "p": 0.5065551690490403
      }
    }
  }
}